{
    "dqn": {
        "mean_reward": 103.52079772949219,
        "std_reward": 132.40701293945312
    },
    "double_dqn": {
        "mean_reward": 240.6932373046875,
        "std_reward": 66.15006256103516
    }
}