{
    "episode_rewards": [
        292.25281301824543,
        268.16818453653786,
        289.90513803235456,
        284.54258245735616,
        303.00354952309925
    ],
    "mean_reward": 287.5744535135187,
    "std_reward": 11.412025756742645,
    "best_reward": 303.00354952309925
}