{
    "episode_rewards": [
        264.4978071655262,
        -20.167349719111954,
        244.41280527268592,
        241.21217755275129,
        237.7663893389132
    ],
    "mean_reward": 193.54436592215293,
    "std_reward": 107.25902663113371,
    "best_reward": 264.4978071655262
}